learner_id,skill_level,predicted_performance,performance_band,risk_probability,risk_status,strengths_count,weaknesses_count,developing_count,behavior_signals_count
LEARNER_0001,Intermediate,65.29,Moderate,0.0007,Low Risk,2,2,5,2
LEARNER_0002,Beginner,35.9,Low,1.0,High Risk,0,8,1,3
LEARNER_0003,Intermediate,59.5,Moderate,0.027,Low Risk,0,1,8,2
LEARNER_0004,Intermediate,70.77,Moderate,0.0001,Low Risk,4,0,5,3
LEARNER_0005,Intermediate,75.31,High,0.0,Low Risk,3,2,4,3
LEARNER_0006,Advanced,79.56,High,0.0,Low Risk,7,0,2,3
LEARNER_0007,Intermediate,75.09,High,0.0,Low Risk,5,2,2,3
LEARNER_0008,Intermediate,68.01,Moderate,0.0001,Low Risk,3,2,4,2
LEARNER_0009,Beginner,54.05,Moderate,0.3249,Moderate Risk,1,5,3,3
LEARNER_0010,Beginner,35.86,Low,1.0,High Risk,0,8,1,3
LEARNER_0011,Intermediate,67.24,Moderate,0.0003,Low Risk,3,2,4,2
LEARNER_0012,Intermediate,63.16,Moderate,0.0005,Low Risk,3,3,3,3
LEARNER_0013,Intermediate,67.35,Moderate,0.0001,Low Risk,4,3,2,3
LEARNER_0014,Beginner,40.18,Low,1.0,High Risk,0,8,1,3
LEARNER_0015,Beginner,47.2,Low,0.9984,High Risk,0,6,3,3
LEARNER_0016,Intermediate,75.53,High,0.0,Low Risk,7,1,1,4
LEARNER_0017,Intermediate,60.72,Moderate,0.0703,Low Risk,0,7,2,2
LEARNER_0018,Intermediate,69.4,Moderate,0.0,Low Risk,5,1,3,3
LEARNER_0019,Beginner,57.64,Moderate,0.0915,Low Risk,2,5,2,3
LEARNER_0020,Intermediate,59.9,Moderate,0.0441,Low Risk,2,4,3,3
LEARNER_0021,Advanced,79.68,High,0.0,Low Risk,8,0,1,2
LEARNER_0022,Beginner,51.36,Moderate,0.9827,High Risk,0,6,3,3
LEARNER_0023,Intermediate,59.9,Moderate,0.0082,Low Risk,3,3,3,1
LEARNER_0024,Beginner,50.76,Moderate,0.9896,High Risk,0,6,3,3
LEARNER_0025,Beginner,51.89,Moderate,0.9656,High Risk,2,5,2,4
LEARNER_0026,Beginner,49.45,Low,0.9813,High Risk,0,5,4,3
LEARNER_0027,Intermediate,62.34,Moderate,0.0028,Low Risk,1,3,5,3
LEARNER_0028,Beginner,49.97,Low,0.9949,High Risk,1,6,2,3
LEARNER_0029,Advanced,88.44,High,0.0,Low Risk,7,0,2,3
LEARNER_0030,Beginner,48.65,Low,0.9751,High Risk,0,6,3,3
LEARNER_0031,Intermediate,57.99,Moderate,0.1134,Low Risk,0,4,5,2
LEARNER_0032,Beginner,54.2,Moderate,0.5962,Moderate Risk,0,5,4,3
LEARNER_0033,Advanced,86.89,High,0.0,Low Risk,8,0,1,2
LEARNER_0034,Intermediate,65.2,Moderate,0.0002,Low Risk,3,3,3,2
LEARNER_0035,Intermediate,77.41,High,0.0,Low Risk,7,0,2,3
LEARNER_0036,Beginner,33.24,Low,1.0,High Risk,0,8,1,4
LEARNER_0037,Intermediate,66.01,Moderate,0.0004,Low Risk,4,3,2,1
LEARNER_0038,Intermediate,74.54,Moderate,0.0,Low Risk,5,1,3,2
LEARNER_0039,Intermediate,61.84,Moderate,0.007,Low Risk,2,3,4,2
LEARNER_0040,Intermediate,77.22,High,0.0,Low Risk,7,1,1,2
LEARNER_0041,Beginner,50.67,Moderate,0.9833,High Risk,0,5,4,2
LEARNER_0042,Advanced,84.61,High,0.0,Low Risk,7,1,1,4
LEARNER_0043,Advanced,89.47,High,0.0,Low Risk,9,0,0,2
LEARNER_0044,Beginner,55.27,Moderate,0.6224,High Risk,1,3,5,3
LEARNER_0045,Beginner,55.18,Moderate,0.5298,Moderate Risk,0,3,6,2
LEARNER_0046,Advanced,85.58,High,0.0,Low Risk,8,0,1,3
LEARNER_0047,Advanced,84.36,High,0.0,Low Risk,8,0,1,2
LEARNER_0048,Beginner,56.86,Moderate,0.3321,Moderate Risk,0,5,4,3
LEARNER_0049,Intermediate,61.83,Moderate,0.0126,Low Risk,0,4,5,2
LEARNER_0050,Beginner,54.58,Moderate,0.6567,High Risk,0,6,3,2
LEARNER_0051,Beginner,40.7,Low,1.0,High Risk,0,8,1,3
LEARNER_0052,Beginner,42.88,Low,0.9998,High Risk,0,8,1,3
LEARNER_0053,Beginner,49.13,Low,0.9843,High Risk,0,8,1,2
LEARNER_0054,Beginner,46.39,Low,0.9975,High Risk,0,6,3,3
LEARNER_0055,Beginner,56.5,Moderate,0.2915,Low Risk,2,5,2,2
LEARNER_0056,Intermediate,67.04,Moderate,0.0001,Low Risk,5,3,1,3
LEARNER_0057,Advanced,85.61,High,0.0,Low Risk,9,0,0,4
LEARNER_0058,Beginner,47.68,Low,0.9976,High Risk,0,6,3,2
LEARNER_0059,Advanced,79.98,High,0.0,Low Risk,7,0,2,3
LEARNER_0060,Beginner,54.8,Moderate,0.5177,Moderate Risk,0,3,6,2
LEARNER_0061,Beginner,57.13,Moderate,0.1559,Low Risk,1,3,5,2
LEARNER_0062,Intermediate,67.25,Moderate,0.0001,Low Risk,2,1,6,2
LEARNER_0063,Beginner,44.61,Low,0.9999,High Risk,0,8,1,3
LEARNER_0064,Intermediate,65.79,Moderate,0.0003,Low Risk,3,1,5,3
LEARNER_0065,Intermediate,72.09,Moderate,0.0,Low Risk,3,2,4,3
LEARNER_0066,Intermediate,70.94,Moderate,0.0,Low Risk,4,0,5,2
LEARNER_0067,Intermediate,70.34,Moderate,0.0,Low Risk,4,2,3,3
LEARNER_0068,Advanced,92.23,High,0.0,Low Risk,9,0,0,2
LEARNER_0069,Beginner,48.63,Low,0.9945,High Risk,0,5,4,3
LEARNER_0070,Beginner,50.8,Moderate,0.9316,High Risk,0,4,5,3
LEARNER_0071,Beginner,45.59,Low,0.9991,High Risk,0,4,5,3
LEARNER_0072,Beginner,58.31,Moderate,0.0819,Low Risk,0,5,4,3
LEARNER_0073,Beginner,54.21,Moderate,0.8702,High Risk,1,5,3,3
LEARNER_0074,Intermediate,77.9,High,0.0,Low Risk,6,0,3,3
LEARNER_0075,Advanced,85.7,High,0.0,Low Risk,9,0,0,2
LEARNER_0076,Beginner,52.89,Moderate,0.8245,High Risk,0,7,2,3
LEARNER_0077,Beginner,43.96,Low,0.9995,High Risk,0,7,2,4
LEARNER_0078,Intermediate,73.02,Moderate,0.0,Low Risk,3,0,6,2
LEARNER_0079,Beginner,53.58,Moderate,0.6312,High Risk,1,5,3,1
LEARNER_0080,Intermediate,72.61,Moderate,0.0,Low Risk,3,0,6,4
LEARNER_0081,Intermediate,67.02,Moderate,0.0003,Low Risk,6,2,1,3
LEARNER_0082,Beginner,35.69,Low,1.0,High Risk,0,8,1,3
LEARNER_0083,Advanced,84.77,High,0.0,Low Risk,8,0,1,3
LEARNER_0084,Advanced,82.88,High,0.0,Low Risk,8,0,1,2
LEARNER_0085,Beginner,51.56,Moderate,0.9497,High Risk,0,6,3,3
LEARNER_0086,Beginner,49.93,Low,0.9668,High Risk,1,5,3,3
LEARNER_0087,Intermediate,69.32,Moderate,0.0,Low Risk,3,1,5,3
LEARNER_0088,Intermediate,69.72,Moderate,0.0,Low Risk,2,2,5,3
LEARNER_0089,Intermediate,73.2,Moderate,0.0,Low Risk,6,1,2,3
LEARNER_0090,Advanced,90.67,High,0.0,Low Risk,9,0,0,3
LEARNER_0091,Intermediate,59.38,Moderate,0.3703,Moderate Risk,2,4,3,2
LEARNER_0092,Beginner,51.41,Moderate,0.9891,High Risk,0,7,2,2
LEARNER_0093,Beginner,34.3,Low,1.0,High Risk,0,7,2,4
LEARNER_0094,Beginner,49.42,Low,0.9735,High Risk,1,7,1,3
LEARNER_0095,Intermediate,59.13,Moderate,0.251,Low Risk,2,3,4,3
LEARNER_0096,Advanced,83.07,High,0.0,Low Risk,9,0,0,2
LEARNER_0097,Beginner,49.16,Low,0.9945,High Risk,1,5,3,3
LEARNER_0098,Intermediate,66.43,Moderate,0.0005,Low Risk,2,2,5,3
LEARNER_0099,Beginner,54.73,Moderate,0.5411,Moderate Risk,1,3,5,2
LEARNER_0100,Advanced,82.75,High,0.0,Low Risk,7,0,2,3
LEARNER_0101,Advanced,93.88,High,0.0,Low Risk,9,0,0,2
LEARNER_0102,Beginner,54.12,Moderate,0.7696,High Risk,0,5,4,4
LEARNER_0103,Beginner,46.41,Low,0.9992,High Risk,0,5,4,3
LEARNER_0104,Advanced,79.84,High,0.0,Low Risk,7,0,2,4
LEARNER_0105,Intermediate,73.47,Moderate,0.0,Low Risk,5,0,4,3
LEARNER_0106,Advanced,91.37,High,0.0,Low Risk,9,0,0,2
LEARNER_0107,Intermediate,64.89,Moderate,0.001,Low Risk,5,1,3,2
LEARNER_0108,Beginner,57.35,Moderate,0.1475,Low Risk,0,6,3,2
LEARNER_0109,Intermediate,70.65,Moderate,0.0,Low Risk,5,2,2,3
LEARNER_0110,Advanced,83.45,High,0.0,Low Risk,8,0,1,3
LEARNER_0111,Advanced,77.15,High,0.0,Low Risk,6,1,2,4
LEARNER_0112,Intermediate,69.68,Moderate,0.0001,Low Risk,4,2,3,3
LEARNER_0113,Advanced,76.17,High,0.0,Low Risk,6,0,3,2
LEARNER_0114,Intermediate,74.45,Moderate,0.0,Low Risk,5,0,4,3
LEARNER_0115,Advanced,81.2,High,0.0,Low Risk,8,1,0,2
LEARNER_0116,Advanced,77.48,High,0.0,Low Risk,6,0,3,3
LEARNER_0117,Beginner,58.05,Moderate,0.0348,Low Risk,1,3,5,3
LEARNER_0118,Intermediate,66.63,Moderate,0.0002,Low Risk,1,4,4,4
LEARNER_0119,Advanced,82.18,High,0.0,Low Risk,6,0,3,3
LEARNER_0120,Beginner,50.61,Moderate,0.974,High Risk,0,6,3,3
LEARNER_0121,Intermediate,66.67,Moderate,0.0002,Low Risk,2,2,5,3
LEARNER_0122,Beginner,50.58,Moderate,0.8983,High Risk,0,6,3,2
LEARNER_0123,Intermediate,62.49,Moderate,0.0026,Low Risk,0,4,5,3
LEARNER_0124,Advanced,81.88,High,0.0,Low Risk,7,0,2,2
LEARNER_0125,Intermediate,64.76,Moderate,0.0013,Low Risk,3,6,0,3
LEARNER_0126,Intermediate,62.87,Moderate,0.0119,Low Risk,1,4,4,3
LEARNER_0127,Beginner,40.63,Low,1.0,High Risk,0,7,2,4
LEARNER_0128,Intermediate,65.81,Moderate,0.0002,Low Risk,3,0,6,3
LEARNER_0129,Intermediate,76.16,High,0.0,Low Risk,6,0,3,1
LEARNER_0130,Advanced,91.57,High,0.0,Low Risk,9,0,0,3
LEARNER_0131,Beginner,52.0,Moderate,0.9098,High Risk,0,6,3,2
LEARNER_0132,Intermediate,68.7,Moderate,0.0001,Low Risk,3,4,2,4
LEARNER_0133,Intermediate,71.19,Moderate,0.0,Low Risk,4,3,2,3
LEARNER_0134,Advanced,87.44,High,0.0,Low Risk,8,0,1,4
LEARNER_0135,Beginner,53.66,Moderate,0.7811,High Risk,1,3,5,2
LEARNER_0136,Intermediate,67.22,Moderate,0.0001,Low Risk,3,2,4,2
LEARNER_0137,Intermediate,73.44,Moderate,0.0,Low Risk,5,3,1,2
LEARNER_0138,Intermediate,64.13,Moderate,0.0034,Low Risk,2,3,4,2
LEARNER_0139,Intermediate,57.76,Moderate,0.2763,Low Risk,0,5,4,2
LEARNER_0140,Intermediate,66.74,Moderate,0.0001,Low Risk,3,5,1,3
LEARNER_0141,Intermediate,84.08,High,0.0,Low Risk,7,1,1,2
LEARNER_0142,Beginner,45.76,Low,0.9991,High Risk,0,7,2,2
LEARNER_0143,Intermediate,65.36,Moderate,0.0012,Low Risk,3,2,4,2
LEARNER_0144,Beginner,50.07,Moderate,0.9918,High Risk,1,4,4,3
LEARNER_0145,Advanced,84.18,High,0.0,Low Risk,7,0,2,2
LEARNER_0146,Beginner,32.34,Low,1.0,High Risk,0,9,0,4
LEARNER_0147,Beginner,51.35,Moderate,0.9799,High Risk,1,5,3,4
LEARNER_0148,Intermediate,67.97,Moderate,0.0002,Low Risk,3,3,3,2
LEARNER_0149,Advanced,84.89,High,0.0,Low Risk,8,0,1,3
LEARNER_0150,Intermediate,62.1,Moderate,0.0036,Low Risk,1,4,4,3
LEARNER_0151,Beginner,53.3,Moderate,0.8668,High Risk,0,5,4,2
LEARNER_0152,Advanced,84.5,High,0.0,Low Risk,9,0,0,4
LEARNER_0153,Beginner,39.63,Low,1.0,High Risk,0,8,1,4
LEARNER_0154,Beginner,31.24,Low,1.0,High Risk,0,9,0,4
LEARNER_0155,Intermediate,74.44,Moderate,0.0,Low Risk,5,1,3,4
LEARNER_0156,Beginner,53.0,Moderate,0.9649,High Risk,0,5,4,2
LEARNER_0157,Beginner,48.68,Low,0.9923,High Risk,0,6,3,3
LEARNER_0158,Intermediate,74.22,Moderate,0.0,Low Risk,6,0,3,4
LEARNER_0159,Intermediate,64.31,Moderate,0.0012,Low Risk,1,4,4,3
LEARNER_0160,Beginner,50.2,Moderate,0.9682,High Risk,1,6,2,3
LEARNER_0161,Beginner,41.88,Low,0.9998,High Risk,0,8,1,3
LEARNER_0162,Intermediate,79.54,High,0.0,Low Risk,6,1,2,4
LEARNER_0163,Intermediate,71.4,Moderate,0.0,Low Risk,3,3,3,4
LEARNER_0164,Beginner,55.5,Moderate,0.5554,Moderate Risk,2,4,3,2
LEARNER_0165,Advanced,93.85,High,0.0,Low Risk,9,0,0,2
LEARNER_0166,Beginner,47.27,Low,0.9985,High Risk,0,7,2,3
LEARNER_0167,Beginner,37.7,Low,1.0,High Risk,0,7,2,3
LEARNER_0168,Beginner,46.49,Low,0.9992,High Risk,0,7,2,3
LEARNER_0169,Intermediate,60.33,Moderate,0.0114,Low Risk,2,3,4,3
LEARNER_0170,Intermediate,64.83,Moderate,0.0008,Low Risk,3,2,4,3
LEARNER_0171,Intermediate,62.24,Moderate,0.0063,Low Risk,2,3,4,2
LEARNER_0172,Intermediate,68.53,Moderate,0.0002,Low Risk,2,4,3,4
LEARNER_0173,Beginner,46.64,Low,0.9973,High Risk,0,8,1,4
LEARNER_0174,Advanced,87.94,High,0.0,Low Risk,8,0,1,2
LEARNER_0175,Intermediate,59.7,Moderate,0.0576,Low Risk,1,3,5,2
LEARNER_0176,Advanced,80.24,High,0.0,Low Risk,6,0,3,3
LEARNER_0177,Intermediate,66.46,Moderate,0.0006,Low Risk,2,1,6,3
LEARNER_0178,Intermediate,73.81,Moderate,0.0,Low Risk,5,1,3,4
LEARNER_0179,Intermediate,75.9,High,0.0,Low Risk,6,1,2,4
LEARNER_0180,Intermediate,71.16,Moderate,0.0,Low Risk,3,2,4,3
LEARNER_0181,Intermediate,67.24,Moderate,0.0001,Low Risk,3,2,4,3
LEARNER_0182,Advanced,83.89,High,0.0,Low Risk,8,0,1,4
LEARNER_0183,Intermediate,61.94,Moderate,0.0033,Low Risk,1,4,4,3
LEARNER_0184,Intermediate,75.4,High,0.0,Low Risk,4,1,4,3
LEARNER_0185,Intermediate,60.46,Moderate,0.0347,Low Risk,2,4,3,4
LEARNER_0186,Advanced,85.01,High,0.0,Low Risk,7,0,2,3
LEARNER_0187,Beginner,50.18,Moderate,0.9851,High Risk,0,6,3,2
LEARNER_0188,Advanced,92.2,High,0.0,Low Risk,9,0,0,2
LEARNER_0189,Beginner,62.65,Moderate,0.0062,Low Risk,3,4,2,3
LEARNER_0190,Beginner,41.69,Low,1.0,High Risk,0,8,1,3
LEARNER_0191,Beginner,65.87,Moderate,0.0017,Low Risk,3,2,4,4
LEARNER_0192,Beginner,45.14,Low,0.9994,High Risk,0,7,2,4
LEARNER_0193,Intermediate,77.53,High,0.0,Low Risk,6,0,3,3
LEARNER_0194,Beginner,49.76,Low,0.9778,High Risk,0,5,4,2
LEARNER_0195,Beginner,54.11,Moderate,0.8234,High Risk,1,4,4,2
LEARNER_0196,Beginner,28.1,Low,1.0,High Risk,0,9,0,4
LEARNER_0197,Intermediate,64.44,Moderate,0.0014,Low Risk,2,3,4,3
LEARNER_0198,Beginner,24.22,Low,1.0,High Risk,0,9,0,4
LEARNER_0199,Beginner,36.19,Low,1.0,High Risk,0,8,1,4
LEARNER_0200,Intermediate,71.32,Moderate,0.0,Low Risk,5,0,4,2
LEARNER_0201,Intermediate,71.14,Moderate,0.0,Low Risk,2,1,6,2
LEARNER_0202,Intermediate,74.31,Moderate,0.0,Low Risk,3,1,5,3
LEARNER_0203,Beginner,50.46,Moderate,0.9802,High Risk,0,7,2,3
LEARNER_0204,Intermediate,61.2,Moderate,0.0283,Low Risk,3,3,3,3
LEARNER_0205,Beginner,63.49,Moderate,0.0015,Low Risk,2,4,3,4
LEARNER_0206,Beginner,40.05,Low,1.0,High Risk,0,7,2,3
LEARNER_0207,Advanced,86.41,High,0.0,Low Risk,9,0,0,2
LEARNER_0208,Advanced,76.08,High,0.0,Low Risk,4,0,5,4
LEARNER_0209,Beginner,61.94,Moderate,0.0219,Low Risk,2,4,3,3
LEARNER_0210,Intermediate,65.97,Moderate,0.0023,Low Risk,2,4,3,4
LEARNER_0211,Intermediate,62.03,Moderate,0.0193,Low Risk,3,3,3,4
LEARNER_0212,Beginner,29.89,Low,1.0,High Risk,0,9,0,4
LEARNER_0213,Beginner,54.3,Moderate,0.7661,High Risk,1,3,5,3
LEARNER_0214,Beginner,50.07,Moderate,0.9955,High Risk,0,8,1,3
LEARNER_0215,Beginner,39.64,Low,1.0,High Risk,0,7,2,3
LEARNER_0216,Intermediate,58.89,Moderate,0.1208,Low Risk,1,4,4,3
LEARNER_0217,Advanced,90.51,High,0.0,Low Risk,9,0,0,4
LEARNER_0218,Intermediate,76.95,High,0.0,Low Risk,5,0,4,3
LEARNER_0219,Intermediate,58.37,Moderate,0.2537,Low Risk,0,5,4,2
LEARNER_0220,Intermediate,69.27,Moderate,0.0001,Low Risk,3,0,6,3
LEARNER_0221,Intermediate,80.24,High,0.0,Low Risk,8,0,1,3
LEARNER_0222,Intermediate,74.28,Moderate,0.0,Low Risk,6,0,3,1
LEARNER_0223,Intermediate,59.76,Moderate,0.0259,Low Risk,2,3,4,2
LEARNER_0224,Beginner,52.48,Moderate,0.9705,High Risk,0,6,3,2
LEARNER_0225,Intermediate,73.06,Moderate,0.0,Low Risk,5,1,3,3
LEARNER_0226,Intermediate,66.1,Moderate,0.0009,Low Risk,3,2,4,3
LEARNER_0227,Intermediate,73.49,Moderate,0.0,Low Risk,5,1,3,4
LEARNER_0228,Intermediate,67.56,Moderate,0.0004,Low Risk,4,1,4,3
LEARNER_0229,Intermediate,77.37,High,0.0,Low Risk,5,0,4,4
LEARNER_0230,Beginner,56.07,Moderate,0.3039,Moderate Risk,1,5,3,3
LEARNER_0231,Advanced,86.94,High,0.0,Low Risk,8,0,1,4
LEARNER_0232,Intermediate,67.63,Moderate,0.0005,Low Risk,5,2,2,3
LEARNER_0233,Advanced,90.43,High,0.0,Low Risk,9,0,0,2
LEARNER_0234,Beginner,49.62,Low,0.9949,High Risk,0,4,5,3
LEARNER_0235,Advanced,90.55,High,0.0,Low Risk,9,0,0,2
LEARNER_0236,Intermediate,63.39,Moderate,0.006,Low Risk,2,2,5,4
LEARNER_0237,Beginner,44.32,Low,0.9997,High Risk,0,7,2,3
LEARNER_0238,Beginner,53.79,Moderate,0.7392,High Risk,0,5,4,4
LEARNER_0239,Beginner,54.6,Moderate,0.8261,High Risk,1,5,3,3
LEARNER_0240,Intermediate,71.27,Moderate,0.0001,Low Risk,4,2,3,3
LEARNER_0241,Advanced,77.45,High,0.0,Low Risk,4,1,4,3
LEARNER_0242,Beginner,50.6,Moderate,0.8844,High Risk,0,5,4,3
LEARNER_0243,Intermediate,62.22,Moderate,0.0065,Low Risk,3,3,3,2
LEARNER_0244,Advanced,90.39,High,0.0,Low Risk,9,0,0,2
LEARNER_0245,Intermediate,88.95,High,0.0,Low Risk,9,0,0,1
LEARNER_0246,Intermediate,69.24,Moderate,0.0,Low Risk,5,3,1,3
LEARNER_0247,Intermediate,61.97,Moderate,0.0051,Low Risk,2,3,4,3
LEARNER_0248,Intermediate,62.65,Moderate,0.0019,Low Risk,1,3,5,3
LEARNER_0249,Intermediate,74.92,Moderate,0.0,Low Risk,3,2,4,1
LEARNER_0250,Beginner,48.04,Low,0.9966,High Risk,0,6,3,3
LEARNER_0251,Beginner,56.66,Moderate,0.0562,Low Risk,2,3,4,4
LEARNER_0252,Beginner,29.8,Low,1.0,High Risk,0,8,1,4
LEARNER_0253,Intermediate,69.21,Moderate,0.0,Low Risk,3,1,5,4
LEARNER_0254,Intermediate,67.36,Moderate,0.0005,Low Risk,6,3,0,2
LEARNER_0255,Beginner,52.7,Moderate,0.8526,High Risk,1,6,2,3
LEARNER_0256,Advanced,89.83,High,0.0,Low Risk,9,0,0,4
LEARNER_0257,Beginner,47.5,Low,0.9896,High Risk,0,9,0,3
LEARNER_0258,Beginner,33.19,Low,1.0,High Risk,0,8,1,4
LEARNER_0259,Intermediate,69.46,Moderate,0.0,Low Risk,3,3,3,2
LEARNER_0260,Intermediate,78.77,High,0.0,Low Risk,7,0,2,2
LEARNER_0261,Advanced,89.04,High,0.0,Low Risk,9,0,0,3
LEARNER_0262,Beginner,50.91,Moderate,0.941,High Risk,0,5,4,2
LEARNER_0263,Intermediate,76.56,High,0.0,Low Risk,5,1,3,3
LEARNER_0264,Intermediate,60.61,Moderate,0.0389,Low Risk,3,6,0,3
LEARNER_0265,Intermediate,61.42,Moderate,0.0312,Low Risk,1,4,4,2
LEARNER_0266,Intermediate,76.74,High,0.0,Low Risk,6,2,1,2
LEARNER_0267,Intermediate,72.72,Moderate,0.0,Low Risk,4,1,4,3
LEARNER_0268,Beginner,40.4,Low,1.0,High Risk,0,9,0,4
LEARNER_0269,Advanced,88.23,High,0.0,Low Risk,9,0,0,2
LEARNER_0270,Advanced,83.62,High,0.0,Low Risk,7,0,2,2
LEARNER_0271,Beginner,52.71,Moderate,0.9042,High Risk,2,6,1,3
LEARNER_0272,Intermediate,69.18,Moderate,0.0001,Low Risk,4,2,3,2
LEARNER_0273,Intermediate,71.6,Moderate,0.0,Low Risk,4,1,4,3
LEARNER_0274,Intermediate,65.49,Moderate,0.0004,Low Risk,2,3,4,3
LEARNER_0275,Beginner,49.22,Low,0.9957,High Risk,1,7,1,2
LEARNER_0276,Beginner,49.96,Low,0.9689,High Risk,0,6,3,3
LEARNER_0277,Intermediate,63.86,Moderate,0.001,Low Risk,0,4,5,2
LEARNER_0278,Advanced,80.97,High,0.0,Low Risk,5,0,4,3
LEARNER_0279,Intermediate,76.5,High,0.0,Low Risk,5,1,3,3
LEARNER_0280,Beginner,53.04,Moderate,0.7858,High Risk,1,7,1,2
LEARNER_0281,Advanced,78.34,High,0.0,Low Risk,5,0,4,4
LEARNER_0282,Beginner,20.91,Low,1.0,High Risk,0,9,0,4
LEARNER_0283,Advanced,78.55,High,0.0,Low Risk,5,0,4,2
LEARNER_0284,Beginner,32.46,Low,1.0,High Risk,0,7,2,4
LEARNER_0285,Beginner,55.4,Moderate,0.5351,Moderate Risk,2,6,1,3
LEARNER_0286,Beginner,43.68,Low,0.9998,High Risk,0,7,2,4
LEARNER_0287,Beginner,42.88,Low,1.0,High Risk,0,7,2,3
LEARNER_0288,Advanced,86.02,High,0.0,Low Risk,7,0,2,3
LEARNER_0289,Beginner,52.43,Moderate,0.967,High Risk,1,6,2,3
LEARNER_0290,Intermediate,70.39,Moderate,0.0,Low Risk,3,2,4,2
LEARNER_0291,Intermediate,60.49,Moderate,0.0196,Low Risk,1,4,4,3
LEARNER_0292,Intermediate,68.09,Moderate,0.0001,Low Risk,1,3,5,3
LEARNER_0293,Intermediate,62.27,Moderate,0.0055,Low Risk,2,4,3,3
LEARNER_0294,Beginner,39.52,Low,1.0,High Risk,0,7,2,2
LEARNER_0295,Intermediate,79.23,High,0.0,Low Risk,7,0,2,3
LEARNER_0296,Beginner,54.26,Moderate,0.8316,High Risk,0,5,4,2
LEARNER_0297,Beginner,34.41,Low,1.0,High Risk,0,9,0,3
LEARNER_0298,Beginner,54.66,Moderate,0.8566,High Risk,0,4,5,3
LEARNER_0299,Advanced,84.52,High,0.0,Low Risk,7,0,2,4
LEARNER_0300,Advanced,79.81,High,0.0,Low Risk,5,0,4,4
LEARNER_0301,Intermediate,60.53,Moderate,0.0527,Low Risk,3,5,1,2
LEARNER_0302,Beginner,55.41,Moderate,0.7381,High Risk,1,5,3,3
LEARNER_0303,Beginner,58.04,Moderate,0.148,Low Risk,1,5,3,3
LEARNER_0304,Advanced,89.07,High,0.0,Low Risk,9,0,0,3
LEARNER_0305,Intermediate,70.36,Moderate,0.0,Low Risk,2,3,4,2
LEARNER_0306,Intermediate,72.62,Moderate,0.0,Low Risk,4,1,4,1
LEARNER_0307,Advanced,81.26,High,0.0,Low Risk,6,0,3,3
LEARNER_0308,Intermediate,64.54,Moderate,0.0009,Low Risk,2,3,4,3
LEARNER_0309,Beginner,56.38,Moderate,0.1962,Low Risk,2,7,0,3
LEARNER_0310,Beginner,55.73,Moderate,0.3663,Moderate Risk,2,6,1,3
LEARNER_0311,Beginner,54.36,Moderate,0.5239,Moderate Risk,2,4,3,4
LEARNER_0312,Intermediate,62.59,Moderate,0.0132,Low Risk,1,4,4,3
LEARNER_0313,Intermediate,70.52,Moderate,0.0,Low Risk,4,1,4,3
LEARNER_0314,Intermediate,63.26,Moderate,0.0046,Low Risk,2,4,3,2
LEARNER_0315,Intermediate,77.8,High,0.0,Low Risk,6,0,3,3
LEARNER_0316,Intermediate,60.57,Moderate,0.0746,Low Risk,3,4,2,2
LEARNER_0317,Intermediate,68.7,Moderate,0.0002,Low Risk,3,2,4,4
LEARNER_0318,Beginner,27.82,Low,1.0,High Risk,0,9,0,4
LEARNER_0319,Intermediate,74.63,Moderate,0.0,Low Risk,6,0,3,2
LEARNER_0320,Intermediate,68.31,Moderate,0.0,Low Risk,2,3,4,3
LEARNER_0321,Advanced,76.43,High,0.0,Low Risk,5,0,4,3
LEARNER_0322,Beginner,14.91,Low,1.0,High Risk,0,9,0,4
LEARNER_0323,Advanced,91.02,High,0.0,Low Risk,8,0,1,2
LEARNER_0324,Intermediate,62.37,Moderate,0.0023,Low Risk,2,5,2,2
LEARNER_0325,Advanced,81.23,High,0.0,Low Risk,8,0,1,3
LEARNER_0326,Beginner,48.14,Low,0.9865,High Risk,0,6,3,2
LEARNER_0327,Intermediate,70.0,Moderate,0.0,Low Risk,4,3,2,2
LEARNER_0328,Beginner,47.97,Low,0.9956,High Risk,1,7,1,3
LEARNER_0329,Beginner,50.33,Moderate,0.9606,High Risk,0,5,4,1
LEARNER_0330,Advanced,85.36,High,0.0,Low Risk,7,0,2,3
LEARNER_0331,Beginner,59.91,Moderate,0.0232,Low Risk,1,4,4,3
LEARNER_0332,Intermediate,68.02,Moderate,0.0001,Low Risk,3,2,4,2
LEARNER_0333,Intermediate,79.51,High,0.0,Low Risk,5,0,4,3
LEARNER_0334,Intermediate,62.84,Moderate,0.0014,Low Risk,3,1,5,0
LEARNER_0335,Intermediate,68.56,Moderate,0.0001,Low Risk,3,4,2,3
LEARNER_0336,Intermediate,68.1,Moderate,0.0001,Low Risk,4,2,3,3
LEARNER_0337,Advanced,96.38,High,0.0,Low Risk,9,0,0,3
LEARNER_0338,Beginner,55.72,Moderate,0.3134,Moderate Risk,2,4,3,2
LEARNER_0339,Intermediate,59.75,Moderate,0.0571,Low Risk,1,3,5,2
LEARNER_0340,Advanced,77.98,High,0.0,Low Risk,5,1,3,4
LEARNER_0341,Advanced,79.34,High,0.0,Low Risk,6,1,2,3
LEARNER_0342,Advanced,79.71,High,0.0,Low Risk,5,0,4,2
LEARNER_0343,Intermediate,74.82,Moderate,0.0,Low Risk,6,2,1,4
LEARNER_0344,Beginner,41.89,Low,1.0,High Risk,0,8,1,3
LEARNER_0345,Intermediate,91.8,High,0.0,Low Risk,8,0,1,3
LEARNER_0346,Beginner,38.83,Low,1.0,High Risk,0,7,2,3
LEARNER_0347,Beginner,64.4,Moderate,0.0023,Low Risk,4,2,3,3
LEARNER_0348,Beginner,53.19,Moderate,0.918,High Risk,0,8,1,2
LEARNER_0349,Intermediate,59.92,Moderate,0.0359,Low Risk,2,4,3,3
LEARNER_0350,Intermediate,68.46,Moderate,0.0001,Low Risk,2,3,4,3
LEARNER_0351,Intermediate,68.23,Moderate,0.0001,Low Risk,2,2,5,3
LEARNER_0352,Intermediate,70.37,Moderate,0.0,Low Risk,3,3,3,3
LEARNER_0353,Advanced,89.01,High,0.0,Low Risk,9,0,0,4
LEARNER_0354,Intermediate,73.7,Moderate,0.0,Low Risk,3,2,4,4
LEARNER_0355,Beginner,54.05,Moderate,0.5223,Moderate Risk,0,5,4,2
LEARNER_0356,Advanced,76.84,High,0.0,Low Risk,7,1,1,4
LEARNER_0357,Advanced,82.37,High,0.0,Low Risk,8,0,1,2
LEARNER_0358,Beginner,40.67,Low,1.0,High Risk,0,8,1,3
LEARNER_0359,Intermediate,71.02,Moderate,0.0,Low Risk,4,2,3,2
LEARNER_0360,Intermediate,74.03,Moderate,0.0,Low Risk,5,0,4,2
LEARNER_0361,Intermediate,57.48,Moderate,0.037,Low Risk,0,5,4,0
LEARNER_0362,Intermediate,85.34,High,0.0,Low Risk,8,0,1,2
LEARNER_0363,Intermediate,60.74,Moderate,0.0062,Low Risk,1,5,3,2
LEARNER_0364,Intermediate,66.41,Moderate,0.0003,Low Risk,2,1,6,2
LEARNER_0365,Intermediate,58.85,Moderate,0.2297,Low Risk,1,4,4,2
LEARNER_0366,Intermediate,58.79,Moderate,0.1688,Low Risk,3,4,2,3
LEARNER_0367,Beginner,42.13,Low,1.0,High Risk,0,8,1,4
LEARNER_0368,Beginner,39.26,Low,1.0,High Risk,0,7,2,4
LEARNER_0369,Advanced,87.15,High,0.0,Low Risk,9,0,0,4
LEARNER_0370,Beginner,46.49,Low,0.9981,High Risk,0,7,2,4
LEARNER_0371,Beginner,49.62,Low,0.9972,High Risk,0,7,2,2
LEARNER_0372,Beginner,29.33,Low,1.0,High Risk,0,9,0,3
LEARNER_0373,Beginner,47.16,Low,0.9925,High Risk,1,6,2,3
LEARNER_0374,Beginner,37.09,Low,1.0,High Risk,0,9,0,3
LEARNER_0375,Advanced,85.74,High,0.0,Low Risk,7,0,2,3
LEARNER_0376,Intermediate,76.98,High,0.0,Low Risk,6,1,2,1
LEARNER_0377,Beginner,49.16,Low,0.9876,High Risk,0,6,3,3
LEARNER_0378,Advanced,96.21,High,0.0,Low Risk,9,0,0,2
LEARNER_0379,Advanced,78.79,High,0.0,Low Risk,6,0,3,3
LEARNER_0380,Beginner,56.15,Moderate,0.2787,Low Risk,2,5,2,3
LEARNER_0381,Beginner,23.42,Low,1.0,High Risk,0,9,0,4
LEARNER_0382,Advanced,90.46,High,0.0,Low Risk,9,0,0,3
LEARNER_0383,Beginner,33.21,Low,1.0,High Risk,0,7,2,3
LEARNER_0384,Beginner,34.07,Low,1.0,High Risk,0,8,1,3
LEARNER_0385,Intermediate,79.88,High,0.0,Low Risk,3,1,5,2
LEARNER_0386,Advanced,94.04,High,0.0,Low Risk,9,0,0,3
LEARNER_0387,Advanced,82.5,High,0.0,Low Risk,7,0,2,4
LEARNER_0388,Intermediate,68.3,Moderate,0.0002,Low Risk,4,2,3,2
LEARNER_0389,Intermediate,74.75,Moderate,0.0,Low Risk,5,0,4,4
LEARNER_0390,Intermediate,74.36,Moderate,0.0,Low Risk,5,1,3,4
LEARNER_0391,Intermediate,72.07,Moderate,0.0,Low Risk,3,1,5,3
LEARNER_0392,Intermediate,69.27,Moderate,0.0001,Low Risk,6,1,2,4
LEARNER_0393,Beginner,57.69,Moderate,0.0778,Low Risk,1,5,3,2
LEARNER_0394,Beginner,57.9,Moderate,0.0626,Low Risk,2,3,4,3
LEARNER_0395,Beginner,47.91,Low,0.9987,High Risk,0,6,3,3
LEARNER_0396,Intermediate,62.56,Moderate,0.0076,Low Risk,1,4,4,3
LEARNER_0397,Beginner,30.8,Low,1.0,High Risk,0,9,0,4
LEARNER_0398,Beginner,57.15,Moderate,0.3158,Moderate Risk,3,3,3,3
LEARNER_0399,Beginner,52.24,Moderate,0.9434,High Risk,1,7,1,3
LEARNER_0400,Beginner,45.4,Low,0.9996,High Risk,0,6,3,3
LEARNER_0401,Intermediate,63.39,Moderate,0.0008,Low Risk,1,3,5,3
LEARNER_0402,Advanced,83.57,High,0.0,Low Risk,7,0,2,3
LEARNER_0403,Intermediate,74.08,Moderate,0.0,Low Risk,5,0,4,3
LEARNER_0404,Beginner,35.07,Low,1.0,High Risk,0,8,1,3
LEARNER_0405,Beginner,43.94,Low,0.9999,High Risk,0,8,1,4
LEARNER_0406,Intermediate,78.48,High,0.0,Low Risk,6,0,3,3
LEARNER_0407,Beginner,48.44,Low,0.9962,High Risk,0,7,2,4
LEARNER_0408,Intermediate,58.79,Moderate,0.2994,Low Risk,1,4,4,2
LEARNER_0409,Intermediate,67.8,Moderate,0.0002,Low Risk,3,3,3,4
LEARNER_0410,Beginner,51.28,Moderate,0.9675,High Risk,1,8,0,2
LEARNER_0411,Intermediate,62.11,Moderate,0.0137,Low Risk,3,4,2,2
LEARNER_0412,Beginner,38.23,Low,1.0,High Risk,0,8,1,3
LEARNER_0413,Intermediate,57.7,Moderate,0.0988,Low Risk,1,6,2,4
LEARNER_0414,Intermediate,60.67,Moderate,0.0469,Low Risk,3,3,3,2
LEARNER_0415,Beginner,27.36,Low,1.0,High Risk,0,8,1,4
LEARNER_0416,Intermediate,65.01,Moderate,0.0024,Low Risk,3,3,3,3
LEARNER_0417,Intermediate,65.94,Moderate,0.0002,Low Risk,1,3,5,3
LEARNER_0418,Intermediate,67.91,Moderate,0.0002,Low Risk,4,1,4,3
LEARNER_0419,Intermediate,59.04,Moderate,0.3731,Moderate Risk,3,2,4,2
LEARNER_0420,Advanced,86.72,High,0.0,Low Risk,8,0,1,2
LEARNER_0421,Intermediate,67.21,Moderate,0.0,Low Risk,4,3,2,2
LEARNER_0422,Beginner,53.11,Moderate,0.8965,High Risk,1,5,3,2
LEARNER_0423,Intermediate,61.39,Moderate,0.0289,Low Risk,1,6,2,3
LEARNER_0424,Intermediate,74.58,Moderate,0.0,Low Risk,5,1,3,3
LEARNER_0425,Intermediate,66.46,Moderate,0.0003,Low Risk,3,2,4,1
LEARNER_0426,Intermediate,63.38,Moderate,0.0104,Low Risk,3,4,2,3
LEARNER_0427,Beginner,57.73,Moderate,0.2406,Low Risk,2,4,3,4
LEARNER_0428,Beginner,45.24,Low,0.9993,High Risk,0,7,2,2
LEARNER_0429,Beginner,37.8,Low,1.0,High Risk,0,6,3,4
LEARNER_0430,Advanced,89.21,High,0.0,Low Risk,9,0,0,4
LEARNER_0431,Beginner,40.43,Low,1.0,High Risk,0,8,1,4
LEARNER_0432,Beginner,48.53,Low,0.9848,High Risk,0,5,4,3
LEARNER_0433,Beginner,55.2,Moderate,0.2918,Low Risk,0,6,3,2
LEARNER_0434,Advanced,75.93,High,0.0,Low Risk,6,0,3,4
LEARNER_0435,Beginner,56.09,Moderate,0.4103,Moderate Risk,2,4,3,2
LEARNER_0436,Advanced,86.4,High,0.0,Low Risk,9,0,0,4
LEARNER_0437,Beginner,52.28,Moderate,0.9271,High Risk,1,6,2,3
LEARNER_0438,Intermediate,61.65,Moderate,0.0023,Low Risk,3,4,2,2
LEARNER_0439,Beginner,49.58,Low,0.9672,High Risk,0,6,3,4
LEARNER_0440,Advanced,91.45,High,0.0,Low Risk,9,0,0,2
LEARNER_0441,Beginner,42.52,Low,0.9999,High Risk,0,7,2,3
LEARNER_0442,Intermediate,71.53,Moderate,0.0,Low Risk,5,0,4,2
LEARNER_0443,Intermediate,74.44,Moderate,0.0,Low Risk,4,1,4,4
LEARNER_0444,Intermediate,71.25,Moderate,0.0,Low Risk,2,3,4,4
LEARNER_0445,Intermediate,63.06,Moderate,0.0209,Low Risk,2,3,4,2
LEARNER_0446,Intermediate,62.05,Moderate,0.0008,Low Risk,3,4,2,3
LEARNER_0447,Intermediate,66.87,Moderate,0.0001,Low Risk,3,2,4,3
LEARNER_0448,Intermediate,62.07,Moderate,0.0358,Low Risk,1,6,2,2
LEARNER_0449,Advanced,78.84,High,0.0,Low Risk,3,0,6,3
LEARNER_0450,Advanced,95.29,High,0.0,Low Risk,9,0,0,3
LEARNER_0451,Beginner,51.53,Moderate,0.9638,High Risk,1,6,2,3
LEARNER_0452,Beginner,41.36,Low,0.9999,High Risk,0,8,1,3
LEARNER_0453,Beginner,52.83,Moderate,0.8057,High Risk,1,4,4,2
LEARNER_0454,Advanced,92.62,High,0.0,Low Risk,9,0,0,2
LEARNER_0455,Beginner,43.77,Low,0.9998,High Risk,0,7,2,4
LEARNER_0456,Advanced,91.75,High,0.0,Low Risk,9,0,0,4
LEARNER_0457,Advanced,83.76,High,0.0,Low Risk,6,0,3,3
LEARNER_0458,Beginner,53.91,Moderate,0.8045,High Risk,0,4,5,3
LEARNER_0459,Intermediate,74.68,Moderate,0.0,Low Risk,5,2,2,3
LEARNER_0460,Advanced,91.44,High,0.0,Low Risk,9,0,0,2
LEARNER_0461,Beginner,52.07,Moderate,0.9658,High Risk,1,5,3,2
LEARNER_0462,Intermediate,60.6,Moderate,0.0243,Low Risk,1,5,3,4
LEARNER_0463,Beginner,51.71,Moderate,0.9419,High Risk,0,6,3,4
LEARNER_0464,Beginner,46.08,Low,0.9998,High Risk,0,6,3,4
LEARNER_0465,Beginner,56.07,Moderate,0.34,Moderate Risk,3,6,0,3
LEARNER_0466,Beginner,40.02,Low,1.0,High Risk,1,8,0,3
LEARNER_0467,Intermediate,63.99,Moderate,0.0027,Low Risk,4,2,3,2
LEARNER_0468,Beginner,47.61,Low,0.9937,High Risk,0,6,3,4
LEARNER_0469,Intermediate,68.13,Moderate,0.0002,Low Risk,4,2,3,2
LEARNER_0470,Beginner,36.47,Low,1.0,High Risk,0,9,0,3
LEARNER_0471,Intermediate,69.98,Moderate,0.0,Low Risk,3,1,5,4
LEARNER_0472,Intermediate,75.16,High,0.0,Low Risk,5,2,2,2
LEARNER_0473,Beginner,30.32,Low,1.0,High Risk,0,8,1,4
LEARNER_0474,Intermediate,65.96,Moderate,0.0005,Low Risk,2,2,5,4
LEARNER_0475,Advanced,79.08,High,0.0,Low Risk,6,0,3,4
LEARNER_0476,Beginner,41.63,Low,1.0,High Risk,0,8,1,3
LEARNER_0477,Advanced,88.35,High,0.0,Low Risk,7,0,2,3
LEARNER_0478,Intermediate,69.36,Moderate,0.0,Low Risk,5,3,1,3
LEARNER_0479,Beginner,45.6,Low,0.9958,High Risk,0,7,2,3
LEARNER_0480,Intermediate,63.63,Moderate,0.0083,Low Risk,1,3,5,4
LEARNER_0481,Intermediate,75.16,High,0.0,Low Risk,4,1,4,3
LEARNER_0482,Intermediate,64.23,Moderate,0.0032,Low Risk,2,2,5,3
LEARNER_0483,Intermediate,75.93,High,0.0,Low Risk,5,1,3,3
LEARNER_0484,Beginner,45.86,Low,0.9992,High Risk,0,8,1,3
LEARNER_0485,Intermediate,69.05,Moderate,0.0,Low Risk,2,1,6,3
LEARNER_0486,Beginner,43.1,Low,0.9999,High Risk,0,7,2,2
LEARNER_0487,Beginner,59.91,Moderate,0.1333,Low Risk,1,3,5,3
LEARNER_0488,Beginner,46.23,Low,0.9994,High Risk,0,6,3,3
LEARNER_0489,Beginner,44.97,Low,0.9994,High Risk,0,7,2,3
LEARNER_0490,Advanced,84.56,High,0.0,Low Risk,5,0,4,3
LEARNER_0491,Intermediate,80.53,High,0.0,Low Risk,6,0,3,2
LEARNER_0492,Intermediate,76.67,High,0.0,Low Risk,5,0,4,3
LEARNER_0493,Beginner,37.76,Low,1.0,High Risk,1,7,1,4
LEARNER_0494,Beginner,54.01,Moderate,0.8012,High Risk,2,5,2,2
LEARNER_0495,Advanced,77.42,High,0.0,Low Risk,7,0,2,4
LEARNER_0496,Intermediate,64.09,Moderate,0.0039,Low Risk,3,4,2,3
LEARNER_0497,Advanced,91.73,High,0.0,Low Risk,9,0,0,3
LEARNER_0498,Intermediate,61.23,Moderate,0.0197,Low Risk,3,4,2,2
LEARNER_0499,Intermediate,64.99,Moderate,0.0004,Low Risk,4,2,3,3
LEARNER_0500,Intermediate,58.74,Moderate,0.0983,Low Risk,1,5,3,2
LEARNER_0501,Intermediate,65.03,Moderate,0.0014,Low Risk,3,4,2,2
LEARNER_0502,Beginner,57.07,Moderate,0.4699,Moderate Risk,0,4,5,2
LEARNER_0503,Intermediate,79.83,High,0.0,Low Risk,5,1,3,3
LEARNER_0504,Intermediate,81.45,High,0.0,Low Risk,6,1,2,3
LEARNER_0505,Beginner,47.52,Low,0.9944,High Risk,0,6,3,3
LEARNER_0506,Beginner,39.23,Low,1.0,High Risk,0,7,2,2
LEARNER_0507,Beginner,29.87,Low,1.0,High Risk,0,9,0,3
LEARNER_0508,Intermediate,72.08,Moderate,0.0,Low Risk,2,2,5,3
LEARNER_0509,Beginner,44.6,Low,0.9997,High Risk,0,9,0,4
LEARNER_0510,Beginner,32.61,Low,1.0,High Risk,0,8,1,3
LEARNER_0511,Intermediate,74.35,Moderate,0.0,Low Risk,3,2,4,2
LEARNER_0512,Advanced,95.67,High,0.0,Low Risk,9,0,0,3
LEARNER_0513,Intermediate,58.95,Moderate,0.0883,Low Risk,2,4,3,4
LEARNER_0514,Intermediate,76.05,High,0.0,Low Risk,5,0,4,3
LEARNER_0515,Intermediate,63.93,Moderate,0.0011,Low Risk,2,4,3,2
LEARNER_0516,Intermediate,58.47,Moderate,0.2034,Low Risk,1,2,6,3
LEARNER_0517,Intermediate,74.72,Moderate,0.0,Low Risk,5,0,4,3
LEARNER_0518,Intermediate,58.37,Moderate,0.0514,Low Risk,1,5,3,3
LEARNER_0519,Intermediate,62.94,Moderate,0.0009,Low Risk,3,5,1,3
LEARNER_0520,Intermediate,68.06,Moderate,0.0003,Low Risk,4,1,4,3
LEARNER_0521,Beginner,49.56,Low,0.9842,High Risk,1,6,2,2
LEARNER_0522,Intermediate,71.63,Moderate,0.0,Low Risk,6,1,2,2
LEARNER_0523,Intermediate,59.8,Moderate,0.0324,Low Risk,2,4,3,2
LEARNER_0524,Beginner,48.57,Low,0.9954,High Risk,0,8,1,3
LEARNER_0525,Intermediate,67.21,Moderate,0.0001,Low Risk,2,2,5,4
LEARNER_0526,Beginner,47.4,Low,0.994,High Risk,0,9,0,2
LEARNER_0527,Intermediate,59.61,Moderate,0.0444,Low Risk,2,5,2,3
LEARNER_0528,Intermediate,61.94,Moderate,0.0405,Low Risk,2,5,2,2
LEARNER_0529,Advanced,81.04,High,0.0,Low Risk,7,1,1,2
LEARNER_0530,Intermediate,67.63,Moderate,0.0,Low Risk,2,4,3,3
LEARNER_0531,Intermediate,60.18,Moderate,0.0172,Low Risk,2,3,4,2
LEARNER_0532,Intermediate,76.58,High,0.0,Low Risk,5,0,4,3
LEARNER_0533,Advanced,83.02,High,0.0,Low Risk,8,0,1,4
LEARNER_0534,Intermediate,70.94,Moderate,0.0,Low Risk,1,0,8,1
LEARNER_0535,Intermediate,62.32,Moderate,0.004,Low Risk,0,3,6,3
LEARNER_0536,Beginner,42.6,Low,1.0,High Risk,0,7,2,3
LEARNER_0537,Beginner,46.88,Low,0.9983,High Risk,1,5,3,3
LEARNER_0538,Beginner,58.11,Moderate,0.2059,Low Risk,0,4,5,3
LEARNER_0539,Beginner,53.52,Moderate,0.8729,High Risk,2,6,1,2
LEARNER_0540,Intermediate,59.44,Moderate,0.0597,Low Risk,1,4,4,2
LEARNER_0541,Intermediate,65.24,Moderate,0.0009,Low Risk,3,4,2,2
LEARNER_0542,Intermediate,70.17,Moderate,0.0,Low Risk,3,0,6,2
LEARNER_0543,Beginner,66.05,Moderate,0.0008,Low Risk,4,3,2,4
LEARNER_0544,Intermediate,71.78,Moderate,0.0,Low Risk,3,1,5,4
LEARNER_0545,Intermediate,62.41,Moderate,0.0136,Low Risk,3,3,3,4
LEARNER_0546,Beginner,32.76,Low,1.0,High Risk,0,9,0,4
LEARNER_0547,Beginner,41.03,Low,1.0,High Risk,0,7,2,4
LEARNER_0548,Intermediate,59.19,Moderate,0.0609,Low Risk,2,6,1,2
LEARNER_0549,Beginner,48.61,Low,0.9864,High Risk,0,8,1,3
LEARNER_0550,Intermediate,72.42,Moderate,0.0,Low Risk,7,0,2,4
LEARNER_0551,Advanced,86.2,High,0.0,Low Risk,9,0,0,4
LEARNER_0552,Intermediate,76.75,High,0.0,Low Risk,8,0,1,3
LEARNER_0553,Intermediate,60.36,Moderate,0.176,Low Risk,3,4,2,2
LEARNER_0554,Advanced,88.31,High,0.0,Low Risk,7,0,2,4
LEARNER_0555,Intermediate,62.73,Moderate,0.0023,Low Risk,1,5,3,4
LEARNER_0556,Beginner,51.48,Moderate,0.8919,High Risk,0,4,5,4
LEARNER_0557,Beginner,46.24,Low,0.9976,High Risk,0,6,3,3
LEARNER_0558,Beginner,56.16,Moderate,0.1771,Low Risk,2,5,2,1
LEARNER_0559,Beginner,53.48,Moderate,0.891,High Risk,1,6,2,2
LEARNER_0560,Intermediate,66.65,Moderate,0.0004,Low Risk,2,2,5,3
LEARNER_0561,Intermediate,64.93,Moderate,0.0005,Low Risk,2,3,4,4
LEARNER_0562,Intermediate,63.02,Moderate,0.003,Low Risk,0,4,5,3
LEARNER_0563,Intermediate,69.29,Moderate,0.0001,Low Risk,3,1,5,3
LEARNER_0564,Advanced,84.59,High,0.0,Low Risk,9,0,0,2
LEARNER_0565,Intermediate,71.39,Moderate,0.0,Low Risk,4,1,4,0
LEARNER_0566,Beginner,42.58,Low,0.9999,High Risk,0,8,1,2
LEARNER_0567,Beginner,21.07,Low,1.0,High Risk,0,9,0,4
LEARNER_0568,Intermediate,74.52,Moderate,0.0,Low Risk,6,0,3,3
LEARNER_0569,Beginner,35.42,Low,1.0,High Risk,0,7,2,3
LEARNER_0570,Beginner,53.54,Moderate,0.9302,High Risk,0,5,4,2
LEARNER_0571,Beginner,38.34,Low,1.0,High Risk,0,8,1,3
LEARNER_0572,Beginner,31.23,Low,1.0,High Risk,0,9,0,4
LEARNER_0573,Intermediate,71.36,Moderate,0.0,Low Risk,4,0,5,4
LEARNER_0574,Intermediate,73.17,Moderate,0.0,Low Risk,5,1,3,3
LEARNER_0575,Beginner,52.88,Moderate,0.9363,High Risk,1,6,2,4
LEARNER_0576,Beginner,27.41,Low,1.0,High Risk,0,8,1,4
LEARNER_0577,Beginner,50.49,Moderate,0.9807,High Risk,0,6,3,2
LEARNER_0578,Intermediate,61.82,Moderate,0.0016,Low Risk,2,2,5,3
LEARNER_0579,Beginner,33.16,Low,1.0,High Risk,0,9,0,4
LEARNER_0580,Intermediate,65.47,Moderate,0.0006,Low Risk,3,3,3,3
LEARNER_0581,Beginner,61.38,Moderate,0.0132,Low Risk,3,4,2,3
LEARNER_0582,Intermediate,67.97,Moderate,0.0001,Low Risk,3,1,5,2
LEARNER_0583,Beginner,60.79,Moderate,0.0164,Low Risk,2,6,1,3
LEARNER_0584,Beginner,45.43,Low,0.9988,High Risk,0,8,1,3
LEARNER_0585,Advanced,79.54,High,0.0,Low Risk,6,0,3,4
LEARNER_0586,Intermediate,65.84,Moderate,0.0009,Low Risk,2,4,3,4
LEARNER_0587,Intermediate,61.4,Moderate,0.0693,Low Risk,1,4,4,2
LEARNER_0588,Beginner,43.58,Low,0.9999,High Risk,1,6,2,4
LEARNER_0589,Beginner,48.8,Low,0.9893,High Risk,1,7,1,2
LEARNER_0590,Beginner,50.79,Moderate,0.9861,High Risk,1,6,2,2
LEARNER_0591,Beginner,51.11,Moderate,0.9606,High Risk,1,5,3,2
LEARNER_0592,Advanced,85.15,High,0.0,Low Risk,9,0,0,2
LEARNER_0593,Beginner,39.4,Low,1.0,High Risk,0,6,3,2
LEARNER_0594,Beginner,37.45,Low,1.0,High Risk,0,9,0,3
LEARNER_0595,Intermediate,83.15,High,0.0,Low Risk,7,0,2,4
LEARNER_0596,Intermediate,61.45,Moderate,0.0238,Low Risk,1,4,4,3
LEARNER_0597,Beginner,50.74,Moderate,0.9893,High Risk,0,4,5,3
LEARNER_0598,Intermediate,76.79,High,0.0,Low Risk,5,1,3,2
LEARNER_0599,Beginner,55.43,Moderate,0.7602,High Risk,0,5,4,2
LEARNER_0600,Advanced,89.6,High,0.0,Low Risk,9,0,0,3
LEARNER_0601,Intermediate,77.97,High,0.0,Low Risk,6,0,3,4
LEARNER_0602,Beginner,53.48,Moderate,0.9288,High Risk,2,5,2,2
LEARNER_0603,Advanced,89.68,High,0.0,Low Risk,9,0,0,2
LEARNER_0604,Beginner,54.16,Moderate,0.8156,High Risk,0,7,2,2
LEARNER_0605,Intermediate,74.3,Moderate,0.0,Low Risk,5,1,3,4
LEARNER_0606,Intermediate,64.54,Moderate,0.0014,Low Risk,3,3,3,2
LEARNER_0607,Advanced,82.39,High,0.0,Low Risk,7,0,2,3
LEARNER_0608,Advanced,82.45,High,0.0,Low Risk,9,0,0,3
LEARNER_0609,Intermediate,65.22,Moderate,0.0007,Low Risk,2,1,6,4
LEARNER_0610,Beginner,48.82,Low,0.9848,High Risk,0,6,3,2
LEARNER_0611,Intermediate,62.59,Moderate,0.0064,Low Risk,1,2,6,2
LEARNER_0612,Beginner,55.34,Moderate,0.4972,Moderate Risk,2,5,2,3
LEARNER_0613,Advanced,90.99,High,0.0,Low Risk,9,0,0,3
LEARNER_0614,Intermediate,59.28,Moderate,0.0248,Low Risk,0,4,5,2
LEARNER_0615,Beginner,55.68,Moderate,0.1941,Low Risk,1,6,2,3
LEARNER_0616,Intermediate,60.52,Moderate,0.0181,Low Risk,1,3,5,1
LEARNER_0617,Beginner,39.47,Low,1.0,High Risk,0,8,1,4
LEARNER_0618,Beginner,43.53,Low,0.9999,High Risk,1,7,1,3
LEARNER_0619,Intermediate,79.14,High,0.0,Low Risk,6,0,3,4
LEARNER_0620,Beginner,51.94,Moderate,0.8659,High Risk,0,6,3,3
LEARNER_0621,Beginner,42.44,Low,1.0,High Risk,0,6,3,4
LEARNER_0622,Intermediate,70.72,Moderate,0.0001,Low Risk,5,2,2,4
LEARNER_0623,Advanced,80.9,High,0.0,Low Risk,7,0,2,3
LEARNER_0624,Intermediate,76.63,High,0.0,Low Risk,6,0,3,4
LEARNER_0625,Advanced,78.34,High,0.0,Low Risk,4,0,5,3
LEARNER_0626,Beginner,51.64,Moderate,0.9312,High Risk,0,6,3,4
LEARNER_0627,Beginner,34.25,Low,1.0,High Risk,0,8,1,4
LEARNER_0628,Advanced,87.23,High,0.0,Low Risk,9,0,0,3
LEARNER_0629,Beginner,55.73,Moderate,0.3197,Moderate Risk,1,5,3,3
LEARNER_0630,Intermediate,63.78,Moderate,0.0067,Low Risk,1,3,5,3
LEARNER_0631,Intermediate,83.2,High,0.0,Low Risk,8,1,0,4
LEARNER_0632,Intermediate,70.19,Moderate,0.0,Low Risk,3,1,5,4
LEARNER_0633,Intermediate,65.66,Moderate,0.0004,Low Risk,3,1,5,3
LEARNER_0634,Advanced,91.26,High,0.0,Low Risk,9,0,0,3
LEARNER_0635,Beginner,50.67,Moderate,0.988,High Risk,1,6,2,3
LEARNER_0636,Intermediate,78.32,High,0.0,Low Risk,5,1,3,2
LEARNER_0637,Intermediate,61.41,Moderate,0.0116,Low Risk,2,5,2,4
LEARNER_0638,Intermediate,61.05,Moderate,0.0131,Low Risk,3,3,3,3
LEARNER_0639,Intermediate,86.46,High,0.0,Low Risk,7,0,2,2
LEARNER_0640,Intermediate,61.77,Moderate,0.0126,Low Risk,3,3,3,2
LEARNER_0641,Intermediate,73.27,Moderate,0.0,Low Risk,3,1,5,3
LEARNER_0642,Intermediate,75.9,High,0.0,Low Risk,6,0,3,4
LEARNER_0643,Intermediate,60.3,Moderate,0.0283,Low Risk,0,5,4,2
LEARNER_0644,Beginner,49.92,Low,0.9871,High Risk,0,6,3,2
LEARNER_0645,Beginner,39.07,Low,1.0,High Risk,0,9,0,4
LEARNER_0646,Beginner,30.09,Low,1.0,High Risk,0,9,0,4
LEARNER_0647,Advanced,90.07,High,0.0,Low Risk,8,0,1,3
LEARNER_0648,Beginner,41.73,Low,0.9999,High Risk,0,8,1,2
LEARNER_0649,Intermediate,59.44,Moderate,0.0289,Low Risk,1,6,2,2
LEARNER_0650,Beginner,54.13,Moderate,0.5143,Moderate Risk,1,4,4,2
LEARNER_0651,Intermediate,62.41,Moderate,0.0072,Low Risk,3,3,3,4
LEARNER_0652,Intermediate,73.09,Moderate,0.0,Low Risk,7,0,2,3
LEARNER_0653,Advanced,76.81,High,0.0,Low Risk,5,0,4,3
LEARNER_0654,Beginner,49.83,Low,0.981,High Risk,0,6,3,2
LEARNER_0655,Beginner,57.39,Moderate,0.1649,Low Risk,1,6,2,3
LEARNER_0656,Intermediate,67.51,Moderate,0.0001,Low Risk,4,2,3,4
LEARNER_0657,Intermediate,59.08,Moderate,0.0557,Low Risk,0,4,5,2
LEARNER_0658,Advanced,87.79,High,0.0,Low Risk,8,0,1,2
LEARNER_0659,Intermediate,70.71,Moderate,0.0,Low Risk,4,2,3,2
LEARNER_0660,Intermediate,74.83,Moderate,0.0,Low Risk,5,1,3,3
LEARNER_0661,Intermediate,68.66,Moderate,0.0,Low Risk,5,2,2,4
LEARNER_0662,Intermediate,80.9,High,0.0,Low Risk,8,0,1,4
LEARNER_0663,Intermediate,63.14,Moderate,0.0024,Low Risk,2,2,5,2
LEARNER_0664,Beginner,42.57,Low,0.9999,High Risk,0,8,1,2
LEARNER_0665,Intermediate,66.68,Moderate,0.0002,Low Risk,2,1,6,3
LEARNER_0666,Beginner,49.94,Low,0.9871,High Risk,1,5,3,3
LEARNER_0667,Beginner,49.36,Low,0.9895,High Risk,0,6,3,2
LEARNER_0668,Intermediate,71.44,Moderate,0.0,Low Risk,1,2,6,3
LEARNER_0669,Advanced,83.57,High,0.0,Low Risk,8,0,1,3
LEARNER_0670,Intermediate,62.56,Moderate,0.0058,Low Risk,0,3,6,2
LEARNER_0671,Intermediate,65.31,Moderate,0.0004,Low Risk,3,2,4,1
LEARNER_0672,Advanced,90.2,High,0.0,Low Risk,9,0,0,3
LEARNER_0673,Intermediate,69.67,Moderate,0.0,Low Risk,2,2,5,2
LEARNER_0674,Advanced,92.57,High,0.0,Low Risk,9,0,0,2
LEARNER_0675,Beginner,72.44,Moderate,0.0,Low Risk,3,2,4,2
LEARNER_0676,Beginner,37.73,Low,1.0,High Risk,0,9,0,2
LEARNER_0677,Intermediate,72.62,Moderate,0.0,Low Risk,6,1,2,3
LEARNER_0678,Intermediate,66.03,Moderate,0.0008,Low Risk,4,3,2,3
LEARNER_0679,Advanced,78.09,High,0.0,Low Risk,8,0,1,2
LEARNER_0680,Intermediate,76.47,High,0.0,Low Risk,5,0,4,2
LEARNER_0681,Intermediate,60.07,Moderate,0.0167,Low Risk,1,6,2,3
LEARNER_0682,Beginner,48.84,Low,0.9882,High Risk,1,7,1,2
LEARNER_0683,Intermediate,61.34,Moderate,0.014,Low Risk,0,3,6,3
LEARNER_0684,Beginner,46.99,Low,0.9961,High Risk,0,8,1,3
LEARNER_0685,Beginner,51.33,Moderate,0.953,High Risk,1,5,3,2
LEARNER_0686,Intermediate,68.99,Moderate,0.0,Low Risk,5,2,2,2
LEARNER_0687,Advanced,88.77,High,0.0,Low Risk,9,0,0,3
LEARNER_0688,Intermediate,68.53,Moderate,0.0001,Low Risk,3,3,3,3
LEARNER_0689,Beginner,41.93,Low,0.9999,High Risk,0,7,2,3
LEARNER_0690,Intermediate,70.99,Moderate,0.0,Low Risk,3,1,5,3
LEARNER_0691,Advanced,88.34,High,0.0,Low Risk,7,0,2,4
LEARNER_0692,Beginner,53.68,Moderate,0.788,High Risk,0,7,2,3
LEARNER_0693,Beginner,57.98,Moderate,0.2183,Low Risk,1,4,4,2
LEARNER_0694,Intermediate,59.48,Moderate,0.0533,Low Risk,1,2,6,2
LEARNER_0695,Beginner,47.04,Low,0.9978,High Risk,0,6,3,3
LEARNER_0696,Intermediate,79.64,High,0.0,Low Risk,5,0,4,3
LEARNER_0697,Intermediate,60.75,Moderate,0.0273,Low Risk,2,3,4,1
LEARNER_0698,Intermediate,69.48,Moderate,0.0,Low Risk,4,1,4,2
LEARNER_0699,Beginner,44.94,Low,1.0,High Risk,1,6,2,3
LEARNER_0700,Intermediate,58.98,Moderate,0.0217,Low Risk,0,6,3,2
LEARNER_0701,Intermediate,75.26,High,0.0,Low Risk,4,0,5,3
LEARNER_0702,Beginner,54.82,Moderate,0.5272,Moderate Risk,0,6,3,4
LEARNER_0703,Advanced,86.36,High,0.0,Low Risk,9,0,0,3
LEARNER_0704,Beginner,56.79,Moderate,0.1788,Low Risk,2,6,1,2
LEARNER_0705,Intermediate,61.13,Moderate,0.0231,Low Risk,1,2,6,2
LEARNER_0706,Intermediate,77.18,High,0.0,Low Risk,4,0,5,3
LEARNER_0707,Beginner,36.0,Low,1.0,High Risk,0,8,1,4
LEARNER_0708,Beginner,36.43,Low,1.0,High Risk,0,7,2,4
LEARNER_0709,Beginner,35.05,Low,1.0,High Risk,0,9,0,4
LEARNER_0710,Intermediate,81.17,High,0.0,Low Risk,6,0,3,2
LEARNER_0711,Beginner,49.91,Low,0.9847,High Risk,0,5,4,3
LEARNER_0712,Advanced,95.74,High,0.0,Low Risk,9,0,0,2
LEARNER_0713,Beginner,49.16,Low,0.9925,High Risk,0,8,1,2
LEARNER_0714,Intermediate,65.99,Moderate,0.0004,Low Risk,1,3,5,3
LEARNER_0715,Advanced,86.09,High,0.0,Low Risk,7,0,2,2
LEARNER_0716,Advanced,88.97,High,0.0,Low Risk,9,0,0,3
LEARNER_0717,Advanced,91.39,High,0.0,Low Risk,9,0,0,2
LEARNER_0718,Advanced,85.93,High,0.0,Low Risk,8,0,1,4
LEARNER_0719,Intermediate,74.6,Moderate,0.0,Low Risk,8,0,1,2
LEARNER_0720,Intermediate,71.89,Moderate,0.0,Low Risk,4,1,4,3
LEARNER_0721,Advanced,79.09,High,0.0,Low Risk,5,0,4,4
LEARNER_0722,Beginner,51.34,Moderate,0.9492,High Risk,1,4,4,4
LEARNER_0723,Beginner,46.89,Low,0.9997,High Risk,0,6,3,3
LEARNER_0724,Intermediate,61.48,Moderate,0.0057,Low Risk,2,2,5,2
LEARNER_0725,Intermediate,59.08,Moderate,0.0362,Low Risk,1,3,5,2
LEARNER_0726,Beginner,56.6,Moderate,0.1561,Low Risk,2,4,3,2
LEARNER_0727,Intermediate,78.51,High,0.0,Low Risk,6,0,3,4
LEARNER_0728,Intermediate,73.83,Moderate,0.0,Low Risk,5,0,4,2
LEARNER_0729,Intermediate,62.8,Moderate,0.0038,Low Risk,2,3,4,2
LEARNER_0730,Advanced,87.55,High,0.0,Low Risk,8,0,1,3
LEARNER_0731,Beginner,42.34,Low,1.0,High Risk,0,8,1,2
LEARNER_0732,Intermediate,63.83,Moderate,0.0091,Low Risk,0,5,4,3
LEARNER_0733,Beginner,49.59,Low,0.9865,High Risk,0,6,3,2
LEARNER_0734,Beginner,27.43,Low,1.0,High Risk,0,9,0,4
LEARNER_0735,Intermediate,61.68,Moderate,0.0107,Low Risk,1,3,5,2
LEARNER_0736,Intermediate,58.52,Moderate,0.171,Low Risk,3,3,3,3
LEARNER_0737,Advanced,88.25,High,0.0,Low Risk,9,0,0,3
LEARNER_0738,Intermediate,75.84,High,0.0,Low Risk,5,0,4,3
LEARNER_0739,Beginner,46.16,Low,0.9965,High Risk,0,6,3,2
LEARNER_0740,Advanced,87.88,High,0.0,Low Risk,9,0,0,3
LEARNER_0741,Advanced,81.19,High,0.0,Low Risk,7,0,2,4
LEARNER_0742,Intermediate,73.15,Moderate,0.0,Low Risk,3,1,5,2
LEARNER_0743,Beginner,56.51,Moderate,0.0941,Low Risk,0,4,5,3
LEARNER_0744,Beginner,50.07,Moderate,0.9669,High Risk,0,8,1,2
LEARNER_0745,Beginner,55.91,Moderate,0.1766,Low Risk,0,5,4,2
LEARNER_0746,Advanced,81.96,High,0.0,Low Risk,7,0,2,2
LEARNER_0747,Advanced,89.07,High,0.0,Low Risk,8,0,1,3
LEARNER_0748,Advanced,87.56,High,0.0,Low Risk,9,0,0,3
LEARNER_0749,Beginner,55.5,Moderate,0.2125,Low Risk,2,4,3,4
LEARNER_0750,Beginner,38.82,Low,1.0,High Risk,0,7,2,4
LEARNER_0751,Intermediate,70.2,Moderate,0.0,Low Risk,3,2,4,4
LEARNER_0752,Beginner,35.46,Low,1.0,High Risk,0,9,0,4
LEARNER_0753,Intermediate,73.74,Moderate,0.0,Low Risk,3,1,5,3
LEARNER_0754,Beginner,58.78,Moderate,0.1587,Low Risk,3,3,3,3
LEARNER_0755,Beginner,53.58,Moderate,0.8703,High Risk,1,7,1,2
LEARNER_0756,Beginner,39.25,Low,1.0,High Risk,0,8,1,4
LEARNER_0757,Intermediate,71.84,Moderate,0.0,Low Risk,4,1,4,4
LEARNER_0758,Beginner,52.69,Moderate,0.8758,High Risk,0,6,3,4
LEARNER_0759,Beginner,35.36,Low,1.0,High Risk,0,8,1,4
LEARNER_0760,Beginner,20.69,Low,1.0,High Risk,0,9,0,4
LEARNER_0761,Intermediate,58.77,Moderate,0.1444,Low Risk,0,4,5,2
LEARNER_0762,Advanced,90.05,High,0.0,Low Risk,8,0,1,2
LEARNER_0763,Advanced,87.35,High,0.0,Low Risk,9,0,0,3
LEARNER_0764,Beginner,49.32,Low,0.9885,High Risk,1,6,2,3
LEARNER_0765,Beginner,53.67,Moderate,0.7358,High Risk,0,5,4,3
LEARNER_0766,Intermediate,70.31,Moderate,0.0,Low Risk,5,2,2,4
LEARNER_0767,Beginner,45.48,Low,0.9994,High Risk,0,6,3,4
LEARNER_0768,Intermediate,68.69,Moderate,0.0,Low Risk,3,2,4,3
LEARNER_0769,Intermediate,78.06,High,0.0,Low Risk,7,1,1,3
LEARNER_0770,Intermediate,86.93,High,0.0,Low Risk,7,0,2,4
LEARNER_0771,Intermediate,60.5,Moderate,0.0175,Low Risk,2,4,3,2
LEARNER_0772,Beginner,56.35,Moderate,0.3852,Moderate Risk,0,5,4,3
LEARNER_0773,Beginner,48.7,Low,0.9824,High Risk,0,6,3,3
LEARNER_0774,Beginner,50.71,Moderate,0.9671,High Risk,0,7,2,2
LEARNER_0775,Beginner,56.02,Moderate,0.5949,Moderate Risk,2,4,3,3
LEARNER_0776,Intermediate,62.35,Moderate,0.0035,Low Risk,1,3,5,3
LEARNER_0777,Intermediate,73.07,Moderate,0.0,Low Risk,5,0,4,3
LEARNER_0778,Beginner,50.08,Moderate,0.9904,High Risk,0,7,2,3
LEARNER_0779,Advanced,86.43,High,0.0,Low Risk,8,1,0,2
LEARNER_0780,Beginner,58.82,Moderate,0.0846,Low Risk,1,5,3,4
LEARNER_0781,Beginner,56.86,Moderate,0.0626,Low Risk,1,2,6,1
LEARNER_0782,Beginner,51.73,Moderate,0.9592,High Risk,0,7,2,3
LEARNER_0783,Beginner,19.04,Low,1.0,High Risk,0,9,0,4
LEARNER_0784,Advanced,80.99,High,0.0,Low Risk,4,1,4,4
LEARNER_0785,Intermediate,76.47,High,0.0,Low Risk,4,1,4,3
LEARNER_0786,Beginner,55.78,Moderate,0.3601,Moderate Risk,0,6,3,2
LEARNER_0787,Intermediate,67.54,Moderate,0.0005,Low Risk,3,4,2,2
LEARNER_0788,Intermediate,70.71,Moderate,0.0,Low Risk,5,2,2,3
LEARNER_0789,Beginner,37.12,Low,1.0,High Risk,0,8,1,3
LEARNER_0790,Beginner,50.61,Moderate,0.9552,High Risk,1,5,3,2
LEARNER_0791,Intermediate,72.53,Moderate,0.0,Low Risk,4,2,3,2
LEARNER_0792,Beginner,38.84,Low,1.0,High Risk,0,8,1,4
LEARNER_0793,Intermediate,69.17,Moderate,0.0001,Low Risk,3,2,4,3
LEARNER_0794,Beginner,34.96,Low,1.0,High Risk,0,8,1,3
LEARNER_0795,Intermediate,68.11,Moderate,0.0,Low Risk,2,1,6,3
LEARNER_0796,Beginner,57.58,Moderate,0.1534,Low Risk,2,2,5,2
LEARNER_0797,Beginner,32.68,Low,1.0,High Risk,0,8,1,3
LEARNER_0798,Advanced,83.3,High,0.0,Low Risk,7,1,1,3
LEARNER_0799,Beginner,46.36,Low,0.9956,High Risk,1,6,2,3
LEARNER_0800,Beginner,47.26,Low,0.9914,High Risk,0,7,2,4
LEARNER_0801,Intermediate,70.8,Moderate,0.0,Low Risk,2,1,6,4
LEARNER_0802,Advanced,81.67,High,0.0,Low Risk,6,1,2,3
LEARNER_0803,Beginner,46.08,Low,0.999,High Risk,0,8,1,2
LEARNER_0804,Intermediate,64.23,Moderate,0.0011,Low Risk,2,4,3,3
LEARNER_0805,Intermediate,71.49,Moderate,0.0,Low Risk,1,3,5,4
LEARNER_0806,Intermediate,73.44,Moderate,0.0,Low Risk,6,2,1,2
LEARNER_0807,Intermediate,66.35,Moderate,0.0004,Low Risk,2,2,5,2
LEARNER_0808,Beginner,51.09,Moderate,0.7733,High Risk,0,5,4,2
LEARNER_0809,Beginner,46.23,Low,0.9994,High Risk,0,6,3,2
LEARNER_0810,Intermediate,64.19,Moderate,0.0019,Low Risk,2,3,4,3
LEARNER_0811,Beginner,42.14,Low,0.9999,High Risk,0,8,1,2
LEARNER_0812,Beginner,18.69,Low,1.0,High Risk,0,9,0,4
LEARNER_0813,Intermediate,72.67,Moderate,0.0,Low Risk,4,3,2,4
LEARNER_0814,Intermediate,75.39,High,0.0,Low Risk,6,0,3,3
LEARNER_0815,Beginner,25.75,Low,1.0,High Risk,0,9,0,4
LEARNER_0816,Beginner,41.28,Low,1.0,High Risk,0,6,3,4
LEARNER_0817,Intermediate,70.22,Moderate,0.0,Low Risk,4,2,3,2
LEARNER_0818,Advanced,89.5,High,0.0,Low Risk,9,0,0,3
LEARNER_0819,Intermediate,63.19,Moderate,0.0031,Low Risk,2,3,4,3
LEARNER_0820,Beginner,53.02,Moderate,0.9252,High Risk,0,6,3,3
LEARNER_0821,Beginner,55.79,Moderate,0.3574,Moderate Risk,2,4,3,3
LEARNER_0822,Advanced,84.58,High,0.0,Low Risk,7,0,2,2
LEARNER_0823,Beginner,55.39,Moderate,0.8739,High Risk,0,5,4,2
LEARNER_0824,Beginner,52.92,Moderate,0.9119,High Risk,0,5,4,4
LEARNER_0825,Beginner,50.36,Moderate,0.9952,High Risk,1,4,4,2
LEARNER_0826,Beginner,43.84,Low,0.9992,High Risk,0,7,2,3
LEARNER_0827,Intermediate,60.32,Moderate,0.0097,Low Risk,2,3,4,1
LEARNER_0828,Advanced,88.2,High,0.0,Low Risk,8,0,1,3
LEARNER_0829,Intermediate,67.86,Moderate,0.0,Low Risk,1,1,7,2
LEARNER_0830,Beginner,55.1,Moderate,0.2986,Low Risk,0,5,4,3
LEARNER_0831,Intermediate,60.93,Moderate,0.0251,Low Risk,3,4,2,3
LEARNER_0832,Beginner,35.31,Low,1.0,High Risk,1,6,2,3
LEARNER_0833,Advanced,80.92,High,0.0,Low Risk,4,0,5,3
LEARNER_0834,Intermediate,63.11,Moderate,0.0093,Low Risk,1,2,6,2
LEARNER_0835,Intermediate,60.93,Moderate,0.0431,Low Risk,1,4,4,3
LEARNER_0836,Advanced,91.86,High,0.0,Low Risk,9,0,0,2
LEARNER_0837,Intermediate,70.07,Moderate,0.0,Low Risk,3,1,5,1
LEARNER_0838,Beginner,47.79,Low,0.9995,High Risk,0,4,5,3
LEARNER_0839,Beginner,57.3,Moderate,0.2202,Low Risk,2,4,3,2
LEARNER_0840,Advanced,82.5,High,0.0,Low Risk,5,0,4,4
LEARNER_0841,Intermediate,61.95,Moderate,0.0011,Low Risk,2,2,5,3
LEARNER_0842,Beginner,41.13,Low,0.9999,High Risk,0,7,2,3
LEARNER_0843,Intermediate,73.11,Moderate,0.0,Low Risk,8,1,0,2
LEARNER_0844,Beginner,55.05,Moderate,0.4186,Moderate Risk,1,7,1,3
LEARNER_0845,Advanced,89.41,High,0.0,Low Risk,8,0,1,4
LEARNER_0846,Advanced,80.07,High,0.0,Low Risk,5,1,3,4
LEARNER_0847,Beginner,53.36,Moderate,0.86,High Risk,1,6,2,3
LEARNER_0848,Advanced,88.21,High,0.0,Low Risk,9,0,0,4
LEARNER_0849,Beginner,63.32,Moderate,0.0031,Low Risk,3,4,2,2
LEARNER_0850,Intermediate,77.63,High,0.0,Low Risk,5,1,3,2
LEARNER_0851,Intermediate,67.29,Moderate,0.0002,Low Risk,4,2,3,4
LEARNER_0852,Beginner,46.87,Low,0.9978,High Risk,0,6,3,3
LEARNER_0853,Beginner,52.79,Moderate,0.9536,High Risk,1,4,4,3
LEARNER_0854,Intermediate,79.35,High,0.0,Low Risk,5,0,4,4
LEARNER_0855,Beginner,54.09,Moderate,0.7724,High Risk,1,4,4,3
LEARNER_0856,Beginner,51.68,Moderate,0.9402,High Risk,1,5,3,3
LEARNER_0857,Beginner,52.82,Moderate,0.9573,High Risk,0,5,4,3
LEARNER_0858,Intermediate,62.89,Moderate,0.0015,Low Risk,2,3,4,4
LEARNER_0859,Advanced,88.97,High,0.0,Low Risk,9,0,0,4
LEARNER_0860,Beginner,38.91,Low,1.0,High Risk,0,7,2,3
LEARNER_0861,Intermediate,67.07,Moderate,0.0001,Low Risk,3,2,4,2
LEARNER_0862,Advanced,85.6,High,0.0,Low Risk,8,0,1,2
LEARNER_0863,Beginner,53.21,Moderate,0.9082,High Risk,2,5,2,2
LEARNER_0864,Intermediate,71.98,Moderate,0.0,Low Risk,3,3,3,3
LEARNER_0865,Beginner,45.76,Low,0.9996,High Risk,0,7,2,4
LEARNER_0866,Intermediate,72.56,Moderate,0.0,Low Risk,5,1,3,1
LEARNER_0867,Intermediate,58.53,Moderate,0.0381,Low Risk,3,4,2,0
LEARNER_0868,Advanced,77.0,High,0.0,Low Risk,3,0,6,4
LEARNER_0869,Advanced,81.73,High,0.0,Low Risk,5,0,4,3
LEARNER_0870,Advanced,96.69,High,0.0,Low Risk,9,0,0,2
LEARNER_0871,Intermediate,74.94,Moderate,0.0,Low Risk,6,1,2,4
LEARNER_0872,Intermediate,70.65,Moderate,0.0,Low Risk,4,2,3,4
LEARNER_0873,Intermediate,65.94,Moderate,0.0008,Low Risk,3,2,4,3
LEARNER_0874,Intermediate,58.1,Moderate,0.2089,Low Risk,1,7,1,3
LEARNER_0875,Intermediate,65.2,Moderate,0.0021,Low Risk,2,2,5,2
LEARNER_0876,Intermediate,64.66,Moderate,0.0006,Low Risk,2,4,3,2
LEARNER_0877,Intermediate,65.76,Moderate,0.0006,Low Risk,4,4,1,2
LEARNER_0878,Intermediate,83.87,High,0.0,Low Risk,9,0,0,2
LEARNER_0879,Beginner,48.2,Low,0.9972,High Risk,0,6,3,3
LEARNER_0880,Advanced,79.96,High,0.0,Low Risk,7,0,2,3
LEARNER_0881,Advanced,85.49,High,0.0,Low Risk,7,0,2,4
LEARNER_0882,Beginner,54.78,Moderate,0.2894,Low Risk,1,4,4,2
LEARNER_0883,Beginner,27.78,Low,1.0,High Risk,0,8,1,4
LEARNER_0884,Beginner,44.77,Low,0.9998,High Risk,0,6,3,2
LEARNER_0885,Advanced,83.41,High,0.0,Low Risk,7,0,2,3
LEARNER_0886,Beginner,56.24,Moderate,0.433,Moderate Risk,0,2,7,3
LEARNER_0887,Beginner,48.08,Low,0.9885,High Risk,0,5,4,2
LEARNER_0888,Intermediate,58.82,Moderate,0.0247,Low Risk,1,4,4,2
LEARNER_0889,Intermediate,73.67,Moderate,0.0,Low Risk,7,0,2,4
LEARNER_0890,Intermediate,73.4,Moderate,0.0,Low Risk,3,1,5,4
LEARNER_0891,Intermediate,62.95,Moderate,0.0078,Low Risk,1,5,3,2
LEARNER_0892,Beginner,53.84,Moderate,0.6899,High Risk,0,6,3,1
LEARNER_0893,Beginner,55.66,Moderate,0.2633,Low Risk,1,6,2,3
LEARNER_0894,Beginner,48.18,Low,0.9993,High Risk,1,7,1,2
LEARNER_0895,Advanced,82.65,High,0.0,Low Risk,8,0,1,2
LEARNER_0896,Beginner,53.85,Moderate,0.8073,High Risk,0,4,5,3
LEARNER_0897,Advanced,82.63,High,0.0,Low Risk,6,0,3,3
LEARNER_0898,Advanced,86.45,High,0.0,Low Risk,8,0,1,2
LEARNER_0899,Intermediate,81.35,High,0.0,Low Risk,6,0,3,3
LEARNER_0900,Beginner,52.89,Moderate,0.767,High Risk,1,6,2,2
LEARNER_0901,Intermediate,64.47,Moderate,0.0007,Low Risk,1,2,6,3
LEARNER_0902,Intermediate,60.65,Moderate,0.0262,Low Risk,2,2,5,2
LEARNER_0903,Beginner,49.98,Low,0.9768,High Risk,1,6,2,3
LEARNER_0904,Intermediate,68.44,Moderate,0.0002,Low Risk,4,3,2,4
LEARNER_0905,Beginner,41.56,Low,1.0,High Risk,0,7,2,3
LEARNER_0906,Advanced,81.9,High,0.0,Low Risk,8,0,1,4
LEARNER_0907,Beginner,53.84,Moderate,0.704,High Risk,1,7,1,3
LEARNER_0908,Intermediate,59.63,Moderate,0.0962,Low Risk,2,3,4,2
LEARNER_0909,Intermediate,62.85,Moderate,0.0076,Low Risk,4,2,3,4
LEARNER_0910,Beginner,56.51,Moderate,0.3752,Moderate Risk,1,4,4,3
LEARNER_0911,Intermediate,72.42,Moderate,0.0,Low Risk,5,1,3,3
LEARNER_0912,Beginner,51.55,Moderate,0.9538,High Risk,2,6,1,2
LEARNER_0913,Advanced,82.37,High,0.0,Low Risk,5,0,4,4
LEARNER_0914,Beginner,38.6,Low,1.0,High Risk,0,9,0,4
LEARNER_0915,Intermediate,67.67,Moderate,0.0002,Low Risk,1,3,5,4
LEARNER_0916,Advanced,89.66,High,0.0,Low Risk,9,0,0,4
LEARNER_0917,Beginner,47.26,Low,0.9994,High Risk,0,7,2,3
LEARNER_0918,Beginner,52.41,Moderate,0.7039,High Risk,1,7,1,3
LEARNER_0919,Intermediate,71.6,Moderate,0.0,Low Risk,5,2,2,4
LEARNER_0920,Intermediate,61.42,Moderate,0.011,Low Risk,0,4,5,3
LEARNER_0921,Intermediate,66.99,Moderate,0.0009,Low Risk,3,2,4,4
LEARNER_0922,Intermediate,69.0,Moderate,0.0,Low Risk,3,3,3,3
LEARNER_0923,Intermediate,71.29,Moderate,0.0,Low Risk,2,1,6,2
LEARNER_0924,Advanced,81.73,High,0.0,Low Risk,8,0,1,4
LEARNER_0925,Intermediate,68.82,Moderate,0.0001,Low Risk,3,2,4,3
LEARNER_0926,Intermediate,58.36,Moderate,0.0727,Low Risk,2,2,5,3
LEARNER_0927,Intermediate,77.02,High,0.0,Low Risk,6,0,3,3
LEARNER_0928,Advanced,88.4,High,0.0,Low Risk,8,0,1,3
LEARNER_0929,Intermediate,62.4,Moderate,0.0156,Low Risk,2,4,3,2
LEARNER_0930,Beginner,50.24,Moderate,0.9596,High Risk,0,7,2,3
LEARNER_0931,Intermediate,80.25,High,0.0,Low Risk,5,0,4,3
LEARNER_0932,Intermediate,62.67,Moderate,0.003,Low Risk,2,5,2,3
LEARNER_0933,Beginner,30.44,Low,1.0,High Risk,0,9,0,4
LEARNER_0934,Intermediate,74.67,Moderate,0.0,Low Risk,4,1,4,3
LEARNER_0935,Beginner,52.85,Moderate,0.949,High Risk,0,5,4,2
LEARNER_0936,Beginner,52.7,Moderate,0.9664,High Risk,0,6,3,2
LEARNER_0937,Intermediate,77.82,High,0.0,Low Risk,3,1,5,4
LEARNER_0938,Intermediate,68.27,Moderate,0.0001,Low Risk,1,3,5,4
LEARNER_0939,Intermediate,78.4,High,0.0,Low Risk,3,0,6,4
LEARNER_0940,Beginner,53.13,Moderate,0.7661,High Risk,1,4,4,2
LEARNER_0941,Intermediate,74.4,Moderate,0.0,Low Risk,5,1,3,4
LEARNER_0942,Intermediate,61.17,Moderate,0.0317,Low Risk,0,5,4,2
LEARNER_0943,Intermediate,69.35,Moderate,0.0,Low Risk,4,2,3,3
LEARNER_0944,Intermediate,66.87,Moderate,0.0001,Low Risk,4,3,2,3
LEARNER_0945,Beginner,47.94,Low,0.9983,High Risk,1,6,2,4
LEARNER_0946,Advanced,76.27,High,0.0,Low Risk,8,0,1,3
LEARNER_0947,Beginner,51.87,Moderate,0.968,High Risk,1,5,3,3
LEARNER_0948,Intermediate,74.4,Moderate,0.0,Low Risk,4,2,3,3
LEARNER_0949,Intermediate,67.94,Moderate,0.0,Low Risk,2,1,6,2
LEARNER_0950,Advanced,88.39,High,0.0,Low Risk,8,0,1,2
LEARNER_0951,Beginner,53.13,Moderate,0.8603,High Risk,0,7,2,3
LEARNER_0952,Beginner,55.4,Moderate,0.4885,Moderate Risk,2,6,1,3
LEARNER_0953,Beginner,59.78,Moderate,0.0423,Low Risk,1,3,5,4
LEARNER_0954,Beginner,57.15,Moderate,0.0679,Low Risk,1,5,3,1
LEARNER_0955,Advanced,78.13,High,0.0,Low Risk,7,1,1,3
LEARNER_0956,Beginner,34.33,Low,1.0,High Risk,0,9,0,4
LEARNER_0957,Beginner,45.39,Low,0.9998,High Risk,0,8,1,3
LEARNER_0958,Beginner,45.22,Low,0.9998,High Risk,1,8,0,3
LEARNER_0959,Advanced,78.81,High,0.0,Low Risk,7,0,2,4
LEARNER_0960,Advanced,83.38,High,0.0,Low Risk,7,0,2,3
LEARNER_0961,Intermediate,59.92,Moderate,0.0176,Low Risk,1,3,5,3
LEARNER_0962,Intermediate,59.69,Moderate,0.0695,Low Risk,1,4,4,3
LEARNER_0963,Intermediate,62.83,Moderate,0.0043,Low Risk,2,3,4,3
LEARNER_0964,Intermediate,78.44,High,0.0,Low Risk,7,0,2,4
LEARNER_0965,Beginner,45.36,Low,0.9997,High Risk,1,6,2,4
LEARNER_0966,Intermediate,64.26,Moderate,0.0012,Low Risk,3,2,4,3
LEARNER_0967,Intermediate,78.71,High,0.0,Low Risk,7,1,1,3
LEARNER_0968,Intermediate,64.7,Moderate,0.0029,Low Risk,3,3,3,2
LEARNER_0969,Intermediate,66.78,Moderate,0.0002,Low Risk,3,1,5,4
LEARNER_0970,Intermediate,75.41,High,0.0,Low Risk,5,0,4,3
LEARNER_0971,Beginner,24.49,Low,1.0,High Risk,0,9,0,4
LEARNER_0972,Intermediate,75.04,High,0.0,Low Risk,4,0,5,4
LEARNER_0973,Beginner,51.07,Moderate,0.9818,High Risk,0,9,0,2
LEARNER_0974,Beginner,27.32,Low,1.0,High Risk,0,9,0,4
LEARNER_0975,Intermediate,66.82,Moderate,0.0001,Low Risk,4,1,4,3
LEARNER_0976,Intermediate,77.52,High,0.0,Low Risk,7,0,2,2
LEARNER_0977,Intermediate,60.69,Moderate,0.0105,Low Risk,1,3,5,2
LEARNER_0978,Advanced,80.03,High,0.0,Low Risk,5,1,3,4
LEARNER_0979,Advanced,87.53,High,0.0,Low Risk,8,0,1,2
LEARNER_0980,Advanced,86.67,High,0.0,Low Risk,8,0,1,3
LEARNER_0981,Advanced,89.23,High,0.0,Low Risk,9,0,0,4
LEARNER_0982,Intermediate,78.57,High,0.0,Low Risk,6,0,3,3
LEARNER_0983,Intermediate,61.16,Moderate,0.0082,Low Risk,0,3,6,2
LEARNER_0984,Beginner,34.91,Low,1.0,High Risk,0,8,1,4
LEARNER_0985,Intermediate,58.48,Moderate,0.0823,Low Risk,1,4,4,2
LEARNER_0986,Beginner,48.89,Low,0.9952,High Risk,0,6,3,3
LEARNER_0987,Advanced,93.15,High,0.0,Low Risk,9,0,0,4
LEARNER_0988,Intermediate,59.87,Moderate,0.0162,Low Risk,2,5,2,2
LEARNER_0989,Intermediate,64.42,Moderate,0.0077,Low Risk,2,5,2,2
LEARNER_0990,Intermediate,70.19,Moderate,0.0,Low Risk,3,0,6,3
LEARNER_0991,Intermediate,66.1,Moderate,0.0008,Low Risk,2,4,3,2
LEARNER_0992,Advanced,87.08,High,0.0,Low Risk,8,0,1,3
LEARNER_0993,Beginner,50.61,Moderate,0.9447,High Risk,0,6,3,3
LEARNER_0994,Intermediate,61.47,Moderate,0.0172,Low Risk,3,4,2,2
LEARNER_0995,Beginner,45.22,Low,0.9999,High Risk,2,4,3,3
LEARNER_0996,Beginner,38.94,Low,1.0,High Risk,0,7,2,4
LEARNER_0997,Beginner,50.44,Moderate,0.9662,High Risk,0,7,2,3
LEARNER_0998,Intermediate,62.78,Moderate,0.0088,Low Risk,1,4,4,2
LEARNER_0999,Beginner,49.22,Low,0.9814,High Risk,0,7,2,3
LEARNER_1000,Beginner,44.7,Low,0.9997,High Risk,0,6,3,2
